{
  "name": "Event Processing",
  "description": "",
  "blocks": [
    {
      "id": "765c8ed4-d440-45a4-bf72-7cd2886e604a",
      "label": "Create Alert",
      "environment": "HOSTED",
      "presentation": "{\"w\":100,\"x\":1256,\"h\":50,\"y\":659}",
      "stepType": "CREATE_ALERT",
      "inputMappings": [
        {
          "inputPort": "input",
          "mapping": "Medium",
          "builtInInputId": "3f50d6a7-0fc9-59a1-bd97-8eb19db317bd"
        },
        {
          "inputPort": "input",
          "mapping": "0",
          "builtInInputId": "8298a407-9069-5331-8dee-219cdb1b4868"
        },
        {
          "inputPort": "input",
          "mapping": "[{\"id\":\"${751bf95a-f12b-4a57-9ab8-eca5eba39482.Recipients}\"}]",
          "builtInInputId": "c2fa8405-6461-5736-9370-96e1dc04be7c"
        },
        {
          "inputPort": "input",
          "mapping": "false",
          "builtInInputId": "0eeeaf31-fd99-5ada-aaf5-9b4ca198cce6"
        },
        {
          "inputPort": "input",
          "mapping": "false",
          "builtInInputId": "7ec1fde7-1816-5b50-968f-c3eafa529f62"
        },
        {
          "inputPort": "input",
          "mapping": "[{\"language\":\"en\",\"subject\":\"[${751bf95a-f12b-4a57-9ab8-eca5eba39482.Severity}] ${751bf95a-f12b-4a57-9ab8-eca5eba39482.Host} \",\"body\":\"\\n    <head><style id=\\\"xm-froala-base-styles\\\">\\n      /* Base Froala Styles Begin */\\n      /*!\\n * froala_editor v4.0.12 (https://www.froala.com/wysiwyg-editor)\\n * License https://froala.com/wysiwyg-editor/terms/\\n * Copyright 2014-2022 Froala Labs\\n */\\n\\n.fr-clearfix::after{clear:both;display:block;content:\\\"\\\";height:0}.fr-hide-by-clipping{position:absolute;width:1px;height:1px;padding:0;margin:-1px;overflow:hidden;clip:rect(0, 0, 0, 0);border:0}img.fr-rounded,.fr-img-caption.fr-rounded img{border-radius:10px;-moz-border-radius:10px;-webkit-border-radius:10px;-moz-background-clip:padding;-webkit-background-clip:padding-box;background-clip:padding-box}img.fr-shadow,.fr-img-caption.fr-shadow img{-webkit-box-shadow:10px 10px 5px 0px #cccccc;-moz-box-shadow:10px 10px 5px 0px #cccccc;box-shadow:10px 10px 5px 0px #cccccc}img.fr-bordered,.fr-img-caption.fr-bordered img{border:solid 5px #CCC}img.fr-bordered{-webkit-box-sizing:content-box;-moz-box-sizing:content-box;box-sizing:content-box}.fr-img-caption.fr-bordered img{-webkit-box-sizing:border-box;-moz-box-sizing:border-box;box-sizing:border-box}.fr-view{word-wrap:break-word}span[style~=\\\"color:\\\"] a{color:inherit}strong{font-weight:700}table[border='0'] td:not([class]),table[border='0'] th:not([class]),table[border='0'] td[class=\\\"\\\"],table[border='0'] th[class=\\\"\\\"]{border-width:0px}table{border:none;border-collapse:collapse;empty-cells:show;max-width:100%}table td{min-width:5px}table.fr-dashed-borders td,table.fr-dashed-borders th{border-style:dashed}table.fr-alternate-rows tbody tr:nth-child(2n){background:whitesmoke}table td,table th{border:1px solid #DDD}table td:empty,table th:empty{height:20px}table td.fr-highlighted,table th.fr-highlighted{border:1px double red}table td.fr-thick,table th.fr-thick{border-width:2px}table th{background:#ececec}table tfoot td{background:#ececec}hr{clear:both;user-select:none;-o-user-select:none;-moz-user-select:none;-khtml-user-select:none;-webkit-user-select:none;-ms-user-select:none;break-after:always;page-break-after:always}.fr-file{position:relative}.fr-file::after{position:relative;content:\\\"\\\\1F4CE\\\";font-weight:normal}pre{white-space:pre-wrap;word-wrap:break-word;overflow:visible}.fr-view[dir=\\\"rtl\\\"] blockquote{border-left:none;border-right:solid 2px #5E35B1;margin-right:0;padding-right:5px;padding-left:0}.fr-view[dir=\\\"rtl\\\"] blockquote blockquote{border-color:#00BCD4}.fr-view[dir=\\\"rtl\\\"] blockquote blockquote blockquote{border-color:#43A047}blockquote{border-left:solid 2px #5E35B1;margin-left:0;padding-left:5px;color:#5E35B1}blockquote blockquote{border-color:#00BCD4;color:#00BCD4}blockquote blockquote blockquote{border-color:#43A047;color:#43A047}span.fr-emoticon{font-weight:normal;font-family:\\\"Apple Color Emoji\\\",\\\"Segoe UI Emoji\\\",\\\"NotoColorEmoji\\\",\\\"Segoe UI Symbol\\\",\\\"Android Emoji\\\",\\\"EmojiSymbols\\\";display:inline;line-height:0}span.fr-emoticon.fr-emoticon-img{background-repeat:no-repeat !important;font-size:inherit;height:1em;width:1em;min-height:20px;min-width:20px;display:inline-block;margin:-.1em .1em .1em;line-height:1;vertical-align:middle}.fr-text-gray{color:#AAA !important}.fr-text-bordered{border-top:solid 1px #222;border-bottom:solid 1px #222;padding:10px 0}.fr-text-spaced{letter-spacing:1px}.fr-text-uppercase{text-transform:uppercase}.fr-class-highlighted{background-color:#ffff00}.fr-class-code{border-color:#cccccc;border-radius:2px;-moz-border-radius:2px;-webkit-border-radius:2px;-moz-background-clip:padding;-webkit-background-clip:padding-box;background-clip:padding-box;background:#f5f5f5;padding:10px;font-family:\\\"Courier New\\\", Courier, monospace}.fr-class-transparency{opacity:0.5}img{position:relative;max-width:100%}img.fr-dib{margin:5px auto;display:block;float:none;vertical-align:top}img.fr-dib.fr-fil{margin-left:0;text-align:left}img.fr-dib.fr-fir{margin-right:0;text-align:right}img.fr-dii{display:inline-block;float:none;vertical-align:bottom;margin-left:5px;margin-right:5px;max-width:calc(100% - (2 * 5px))}img.fr-dii.fr-fil{float:left;margin:5px 5px 5px 0;max-width:calc(100% - 5px)}img.fr-dii.fr-fir{float:right;margin:5px 0 5px 5px;max-width:calc(100% - 5px)}span.fr-img-caption{position:relative;max-width:100%}span.fr-img-caption.fr-dib{margin:5px auto;display:block;float:none;vertical-align:top}span.fr-img-caption.fr-dib.fr-fil{margin-left:0;text-align:left}span.fr-img-caption.fr-dib.fr-fir{margin-right:0;text-align:right}span.fr-img-caption.fr-dii{display:inline-block;float:none;vertical-align:bottom;margin-left:5px;margin-right:5px;max-width:calc(100% - (2 * 5px))}span.fr-img-caption.fr-dii.fr-fil{float:left;margin:5px 5px 5px 0;max-width:calc(100% - 5px)}span.fr-img-caption.fr-dii.fr-fir{float:right;margin:5px 0 5px 5px;max-width:calc(100% - 5px)}.fr-video{text-align:center;position:relative}.fr-video.fr-rv{padding-bottom:56.25%;padding-top:30px;height:0;overflow:hidden}.fr-video.fr-rv>iframe,.fr-video.fr-rv object,.fr-video.fr-rv embed{position:absolute !important;top:0;left:0;width:100%;height:100%}.fr-video>*{-webkit-box-sizing:content-box;-moz-box-sizing:content-box;box-sizing:content-box;max-width:100%;border:none}.fr-video.fr-dvb{display:block;clear:both}.fr-video.fr-dvb.fr-fvl{text-align:left}.fr-video.fr-dvb.fr-fvr{text-align:right}.fr-video.fr-dvi{display:inline-block}.fr-video.fr-dvi.fr-fvl{float:left}.fr-video.fr-dvi.fr-fvr{float:right}a.fr-strong{font-weight:700}a.fr-green{color:green}.fr-img-caption{text-align:center}.fr-img-caption .fr-img-wrap{padding:0;margin:auto;text-align:center;width:100%}.fr-img-caption .fr-img-wrap a{display:block}.fr-img-caption .fr-img-wrap img{display:block;margin:auto;width:100%}.fr-img-caption .fr-img-wrap>span{margin:auto;display:block;padding:5px 5px 10px;font-size:14px;font-weight:initial;-webkit-box-sizing:border-box;-moz-box-sizing:border-box;box-sizing:border-box;-webkit-opacity:0.9;-moz-opacity:0.9;opacity:0.9;-ms-filter:\\\"progid:DXImageTransform.Microsoft.Alpha(Opacity=0)\\\";width:100%;text-align:center}button.fr-rounded,input.fr-rounded,textarea.fr-rounded{border-radius:10px;-moz-border-radius:10px;-webkit-border-radius:10px;-moz-background-clip:padding;-webkit-background-clip:padding-box;background-clip:padding-box}button.fr-large,input.fr-large,textarea.fr-large{font-size:24px}a.fr-view.fr-strong{font-weight:700}a.fr-view.fr-green{color:green}img.fr-view{position:relative;max-width:100%}img.fr-view.fr-dib{margin:5px auto;display:block;float:none;vertical-align:top}img.fr-view.fr-dib.fr-fil{margin-left:0;text-align:left}img.fr-view.fr-dib.fr-fir{margin-right:0;text-align:right}img.fr-view.fr-dii{display:inline-block;float:none;vertical-align:bottom;margin-left:5px;margin-right:5px;max-width:calc(100% - (2 * 5px))}img.fr-view.fr-dii.fr-fil{float:left;margin:5px 5px 5px 0;max-width:calc(100% - 5px)}img.fr-view.fr-dii.fr-fir{float:right;margin:5px 0 5px 5px;max-width:calc(100% - 5px)}span.fr-img-caption.fr-view{position:relative;max-width:100%}span.fr-img-caption.fr-view.fr-dib{margin:5px auto;display:block;float:none;vertical-align:top}span.fr-img-caption.fr-view.fr-dib.fr-fil{margin-left:0;text-align:left}span.fr-img-caption.fr-view.fr-dib.fr-fir{margin-right:0;text-align:right}span.fr-img-caption.fr-view.fr-dii{display:inline-block;float:none;vertical-align:bottom;margin-left:5px;margin-right:5px;max-width:calc(100% - (2 * 5px))}span.fr-img-caption.fr-view.fr-dii.fr-fil{float:left;margin:5px 5px 5px 0;max-width:calc(100% - 5px)}span.fr-img-caption.fr-view.fr-dii.fr-fir{float:right;margin:5px 0 5px 5px;max-width:calc(100% - 5px)}\\n\\n\\n    /* Default/Legacy table border styling */\\n    table {\\n        border: 1px solid #ccc;\\n        border-bottom: none;\\n    }\\n    table th,\\n    table td {\\n        border: solid #ccc;\\n        border-width: 0 0 1px 0;\\n    }\\n\\n    /* Newly inserted table border styling */\\n    table.xm-table-internal-borders {\\n      border: none;\\n    }\\n    table.xm-table-internal-borders th,\\n    table.xm-table-internal-borders td {\\n      border-width: 1px;\\n    }\\n    \\n    /* fix for SUP-22708, In Outlook on Windows: \\\"border-collapse: collapse;\\\" will cease to work and behave like \\\"separate\\\"\\n      when the rule is specified an even number of times, yes oh yes, you read that right. Since this rule is already specified\\n      in the froala styles we get an issue when the user also adds a style tag containing that rule. */\\n    table {\\n      border-collapse: collapse;\\n    }\\n\\n      /* Base Froala Styles End */\\n    </style></head><!-- XM Froala Top Level Wrapper Begin {{{ -->\\n    <div id=\\\"xm-froala-top-level-wrapper\\\" class=\\\"fr-view\\\">\\n    <!-- XM Froala Top Level Wrapper Begin }}} --><div><img src=\\\"https://aon-np.hosted.xmatters.com/static/images/logos/xmatters_email.gif\\\" class=\\\"fr-fic fr-dii\\\"></div><div><br></div><div><table cellpadding=\\\"0\\\" cellspacing=\\\"0\\\" id=\\\"table-1\\\" width=\\\"433\\\"><thead><tr><th colspan=\\\"2\\\" tabindex=\\\"0\\\"><div style=\\\"text-align: center;\\\"><font size=\\\"4\\\">BPPM - Automated Notification</font></div></th></tr></thead><tbody><tr class=\\\"even\\\"><td tabindex=\\\"0\\\"><div style=\\\"text-align: right;\\\"><strong>Target:</strong></div></td><td tabindex=\\\"0\\\"><div style=\\\"text-align: left;\\\">${751bf95a-f12b-4a57-9ab8-eca5eba39482.Recipients}</div></td></tr><tr class=\\\"odd\\\"><td tabindex=\\\"0\\\"><div style=\\\"text-align: right; line-height: 1.6em; font-size: inherit;\\\"><strong>BPPM Event ID:</strong></div><div style=\\\"text-align: right;\\\"><br></div></td><td tabindex=\\\"0\\\"><div style=\\\"text-align: left;\\\">${751bf95a-f12b-4a57-9ab8-eca5eba39482.ID}</div></td></tr><tr class=\\\"even\\\"><td tabindex=\\\"0\\\"><div style=\\\"text-align: right;\\\"><strong>Status:</strong></div></td><td tabindex=\\\"0\\\"><div style=\\\"text-align: left;\\\">${751bf95a-f12b-4a57-9ab8-eca5eba39482.Status}</div></td></tr><tr class=\\\"even\\\"><td tabindex=\\\"0\\\"><div style=\\\"text-align: right;\\\"><strong>Message:</strong></div></td><td tabindex=\\\"0\\\"><div style=\\\"text-align: left;\\\">${751bf95a-f12b-4a57-9ab8-eca5eba39482.Message}</div></td></tr><tr class=\\\"odd\\\"><td tabindex=\\\"0\\\"><div style=\\\"text-align: right;\\\"><strong>MC Host:</strong></div></td><td tabindex=\\\"0\\\"><div style=\\\"text-align: left;\\\">${751bf95a-f12b-4a57-9ab8-eca5eba39482.Host}</div></td></tr><tr class=\\\"even\\\"><td tabindex=\\\"0\\\"><div style=\\\"text-align: right;\\\"><strong>Severity:</strong></div></td><td tabindex=\\\"0\\\"><div style=\\\"text-align: left;\\\">${751bf95a-f12b-4a57-9ab8-eca5eba39482.Severity}</div></td></tr><tr class=\\\"odd\\\"><td tabindex=\\\"0\\\"><div style=\\\"text-align: right;\\\"><b style=\\\"line-height: 1.6em; font-size: inherit;\\\">Event Time:</b></div></td><td tabindex=\\\"0\\\"><div style=\\\"text-align: left;\\\"><span style=\\\"line-height: 1.6em; font-size: inherit;\\\">${751bf95a-f12b-4a57-9ab8-eca5eba39482.Reception Date}</span></div></td></tr><tr class=\\\"even\\\"><td tabindex=\\\"0\\\"><div style=\\\"text-align: right;\\\"><strong>Object:</strong></div></td><td tabindex=\\\"0\\\"><div style=\\\"text-align: left;\\\">${751bf95a-f12b-4a57-9ab8-eca5eba39482.Object}</div></td></tr><tr class=\\\"odd\\\"><td tabindex=\\\"0\\\"><div style=\\\"text-align: right;\\\"><strong>Object Class:</strong></div></td><td tabindex=\\\"0\\\"><div style=\\\"text-align: left;\\\">${751bf95a-f12b-4a57-9ab8-eca5eba39482.Object Class}</div></td></tr><tr class=\\\"even\\\"><td tabindex=\\\"0\\\"><div style=\\\"text-align: right;\\\"><b style=\\\"line-height: 1.6em; font-size: inherit;\\\">Tool:</b></div></td><td tabindex=\\\"0\\\"><div style=\\\"text-align: left;\\\">${751bf95a-f12b-4a57-9ab8-eca5eba39482.Tool}</div></td></tr><tr class=\\\"odd\\\"><td tabindex=\\\"0\\\"><div style=\\\"text-align: right;\\\"><span style=\\\"line-height: 1.6em; font-size: inherit;\\\"><strong>Tool Class:</strong></span></div></td><td tabindex=\\\"0\\\"><div style=\\\"text-align: left;\\\">${751bf95a-f12b-4a57-9ab8-eca5eba39482.Tool Class}</div></td></tr><tr class=\\\"even\\\"><td tabindex=\\\"0\\\"><div style=\\\"text-align: right;\\\"><span style=\\\"line-height: 1.6em; font-size: inherit;\\\"><strong>Parameter:</strong></span></div></td><td tabindex=\\\"0\\\"><div style=\\\"text-align: left;\\\">${751bf95a-f12b-4a57-9ab8-eca5eba39482.Parameters}</div></td></tr></tbody></table></div><div style=\\\"display:none;\\\">${751bf95a-f12b-4a57-9ab8-eca5eba39482.ID}</div><!-- XM Froala Top Level Wrapper End {{{ -->\\n    </div>\\n    <!-- XM Froala Top Level Wrapper End }}} -->\"}]",
          "builtInInputId": "c2a258c9-70f0-5ab9-87a0-f16aac6a4f7e"
        },
        {
          "inputPort": "input",
          "mapping": "180",
          "builtInInputId": "8ff01cd9-6a5f-5ec3-9c46-a40b892b890e"
        },
        {
          "inputPort": "input",
          "mapping": "60",
          "builtInInputId": "ceffae29-cef3-5488-b9d1-f845c558f8a4"
        },
        {
          "inputPort": "input",
          "mapping": "callbackonly",
          "builtInInputId": "94bf035f-007b-5da6-996b-d122ff92e7b3"
        },
        {
          "inputPort": "input",
          "mapping": "false",
          "builtInInputId": "c4501a77-1058-51d5-9044-7c4f8a39938a"
        },
        {
          "inputPort": "input",
          "mapping": "[{\"language\":\"en\",\"text\":\"xMatters: TrueSight\\nSev: ${751bf95a-f12b-4a57-9ab8-eca5eba39482.Severity}\\nHost: ${751bf95a-f12b-4a57-9ab8-eca5eba39482.Host}\\nMsg: ${751bf95a-f12b-4a57-9ab8-eca5eba39482.Message}\"}]",
          "builtInInputId": "8fccda00-5665-53aa-90a0-267d4b796a99"
        },
        {
          "inputPort": "input",
          "mapping": "PICKER",
          "builtInInputId": "9b9bc3ee-7633-57e7-b13e-443db15f6e34"
        },
        {
          "inputPort": "input",
          "mapping": "false",
          "builtInInputId": "60992193-3b95-5b4e-adfd-244d5e834d67"
        },
        {
          "inputPort": "input",
          "mapping": "[{\"language\":\"en\",\"steps\":[{\"uiBlock\":\"676d57d2-c12c-4fa7-968d-d55dfe40c16c\",\"phrase\":\"A true sight event with severity ${751bf95a-f12b-4a57-9ab8-eca5eba39482.Severity} for \",\"playback\":\"TTS\"},{\"uiBlock\":\"06b2c2b7-7029-472d-918f-60c96d0bec00\",\"phrase\":\"${751bf95a-f12b-4a57-9ab8-eca5eba39482.Host}\",\"playback\":\"CHARACTERS\"},{\"uiBlock\":\"f726e7cd-b622-4f2f-aba1-66d0fa95baa9\",\"phrase\":\"has occured with message.\",\"playback\":\"TTS\"},{\"uiBlock\":\"6daa6602-1c88-483b-a0e1-e4ee1182b248\",\"phrase\":\"${751bf95a-f12b-4a57-9ab8-eca5eba39482.Message}\",\"playback\":\"TTS\"}]}]",
          "builtInInputId": "1e0aae21-0ac6-5683-a162-36fa1f8a895c"
        },
        {
          "inputPort": "input",
          "mapping": "[{\"action\":\"ASSIGN_TO_USER\",\"allowComments\":true,\"contribution\":\"POSITIVE\",\"description\":\"Acknowledge\",\"joinConference\":false,\"number\":1,\"prompt\":\"Acknowledge\",\"redirectUrl\":\"\",\"text\":\"Acknowledge\",\"id\":\"6f89b7ad-bb01-4b01-bdeb-ebc4baa757d5\",\"triggerBlockId\":\"662f01be-d5b1-476b-871a-4e9d213815e3\",\"integrationId\":\"3b06ebbc-2bbf-4569-99dc-49adab7def9c\"},{\"action\":\"ESCALATE\",\"allowComments\":true,\"contribution\":\"NEGATIVE\",\"description\":\"Escalate\",\"joinConference\":false,\"number\":2,\"prompt\":\"Escalate\",\"redirectUrl\":\"\",\"text\":\"Escalate\",\"id\":\"9595c04e-a631-422d-bf31-1984049b2217\",\"triggerBlockId\":\"0d10ac37-6649-4da9-8a68-be528775ca9c\",\"integrationId\":\"6aa4611f-aee6-4247-8047-e3b810d50cc2\"},{\"action\":\"END\",\"allowComments\":true,\"contribution\":\"POSITIVE\",\"description\":\"Close\",\"joinConference\":false,\"number\":3,\"prompt\":\"Close\",\"redirectUrl\":\"\",\"text\":\"Close\",\"id\":\"727ae8ca-6be2-47e9-943b-fa1d75ce0154\",\"triggerBlockId\":\"653820f5-216d-42a9-8646-480813fd89f2\",\"integrationId\":\"04e46f35-939d-4831-8b29-364ec3d1b5a5\"}]",
          "builtInInputId": "ac190a1d-00b8-5aea-8543-12459dd918a7"
        }
      ]
    },
    {
      "id": "751bf95a-f12b-4a57-9ab8-eca5eba39482",
      "label": "Event Processing - TrueSight Event",
      "environment": "ONPREMISE",
      "presentation": "{\"w\":100,\"x\":253,\"h\":50,\"y\":130}",
      "step": "7c934e06-d294-4642-9a8b-2bd61deef228",
      "stepType": "INTEGRATION"
    },
    {
      "id": "f3e3c319-301d-436e-99ba-6f8c2988a166",
      "label": "Find Active Related Alerts",
      "environment": "HOSTED",
      "presentation": "{\"w\":100,\"x\":411,\"h\":50,\"y\":130}",
      "step": "d591fef2-1aa6-5b9e-80b7-ee2b392bc468",
      "stepType": "SCRIPT_STEP",
      "inputMappings": [
        {
          "inputPort": "input",
          "mapping": "ACTIVE,SUSPENDED",
          "stepInput": "d5358afa-61f6-5fb6-a4f9-8155f56558d6"
        },
        {
          "inputPort": "input",
          "mapping": "Event Processing - TrueSight Event > ID#en",
          "stepInput": "c57fc4c4-f63a-5105-bdba-cdb532be2abe"
        },
        {
          "inputPort": "input",
          "mapping": "${751bf95a-f12b-4a57-9ab8-eca5eba39482.ID}",
          "stepInput": "8f40d595-cd5c-5022-b5d7-18778ad25cc6"
        },
        {
          "inputPort": "input",
          "mapping": "TRUE",
          "stepInput": "a5ffc0a7-97f0-5e1d-99ea-ab929c0ae73d"
        }
      ]
    },
    {
      "id": "e5bea638-4d6a-4861-b5e6-4f2655bed3d7",
      "label": "Switch",
      "environment": "HOSTED",
      "presentation": "{\"w\":100,\"x\":1031,\"h\":50,\"y\":-75}",
      "stepType": "SWITCH",
      "inputMappings": [
        {
          "inputPort": "input",
          "mapping": "${f3e3c319-301d-436e-99ba-6f8c2988a166.Total Alert Count}"
        }
      ],
      "switchCases": [
        {
          "caseId": "cd2f15d3-1ca0-4fff-a7e1-6404e768bc10",
          "caseValue": "0"
        }
      ]
    },
    {
      "id": "2a126b50-a0d0-47d7-a609-73155e364b0a",
      "label": "Switch",
      "environment": "HOSTED",
      "presentation": "{\"w\":100,\"x\":582,\"h\":50,\"y\":146}",
      "stepType": "SWITCH",
      "inputMappings": [
        {
          "inputPort": "input",
          "mapping": "${751bf95a-f12b-4a57-9ab8-eca5eba39482.Status}"
        }
      ],
      "switchCases": [
        {
          "caseId": "7ce47ccb-a21e-4edd-88b3-64ce9547f24c",
          "caseValue": "CLOSED"
        }
      ]
    },
    {
      "id": "2a51d347-af42-43dd-8407-4013d28d69f9",
      "label": "Switch",
      "environment": "HOSTED",
      "presentation": "{\"w\":100,\"x\":1018,\"h\":50,\"y\":524}",
      "stepType": "SWITCH",
      "inputMappings": [
        {
          "inputPort": "input",
          "mapping": "${f3e3c319-301d-436e-99ba-6f8c2988a166.Total Alert Count}"
        }
      ],
      "switchCases": [
        {
          "caseId": "0ab51879-16b0-4c2a-bd18-eebf047f7b06",
          "caseValue": "0"
        }
      ]
    },
    {
      "id": "1b0b95c9-68a6-4c44-b316-b71f081a2532",
      "label": "Terminate Active Related Alerts",
      "environment": "HOSTED",
      "presentation": "{\"w\":100,\"x\":1258,\"h\":50,\"y\":209}",
      "step": "798e3053-b4b4-5e8c-ba84-8a11c3be6237",
      "stepType": "SCRIPT_STEP",
      "inputMappings": [
        {
          "inputPort": "input",
          "mapping": "${f3e3c319-301d-436e-99ba-6f8c2988a166.Alert IDs}",
          "stepInput": "4fdf2591-4925-5682-8911-f0163d7f98dd"
        }
      ]
    }
  ],
  "edges": [
    {
      "fromBlock": "e5bea638-4d6a-4861-b5e6-4f2655bed3d7",
      "fromPort": "output",
      "toBlock": "1b0b95c9-68a6-4c44-b316-b71f081a2532",
      "toPort": "input"
    },
    {
      "fromBlock": "f3e3c319-301d-436e-99ba-6f8c2988a166",
      "fromPort": "output",
      "toBlock": "2a126b50-a0d0-47d7-a609-73155e364b0a",
      "toPort": "input"
    },
    {
      "fromBlock": "2a126b50-a0d0-47d7-a609-73155e364b0a",
      "fromPort": "7ce47ccb-a21e-4edd-88b3-64ce9547f24c",
      "toBlock": "e5bea638-4d6a-4861-b5e6-4f2655bed3d7",
      "toPort": "input"
    },
    {
      "fromBlock": "2a126b50-a0d0-47d7-a609-73155e364b0a",
      "fromPort": "output",
      "toBlock": "2a51d347-af42-43dd-8407-4013d28d69f9",
      "toPort": "input"
    },
    {
      "fromBlock": "2a51d347-af42-43dd-8407-4013d28d69f9",
      "fromPort": "0ab51879-16b0-4c2a-bd18-eebf047f7b06",
      "toBlock": "765c8ed4-d440-45a4-bf72-7cd2886e604a",
      "toPort": "input"
    },
    {
      "fromBlock": "751bf95a-f12b-4a57-9ab8-eca5eba39482",
      "fromPort": "output",
      "toBlock": "f3e3c319-301d-436e-99ba-6f8c2988a166",
      "toPort": "input"
    }
  ]
}