[
  {
    "id": "5ef2f4d7-10c6-4e34-b453-8ac71e9c4b94",
    "name": "TrueSight Event",
    "description": "",
    "icon": "https://s3-xmatters-static.s3.amazonaws.com/null/customers/7a8ae728-6d62-4350-952b-0a7ec72619fa/IMAGE__20220701021158432__BMC_Software__Logo_Square.png",
    "script": "var recipients = '';\nif (request.parameters && request.parameters.recipients) {\n  recipients = request.parameters.recipients;\n}\n\nvar payload = JSON.parse(request.body);\n\nif(payload.user){\n    recipients = payload.user;\n}\n\noutput['Recipients'] = recipients;\noutput['ID'] = payload.id ? payload.id : '';\noutput['Severity'] = payload.severity ? payload.severity : '';\noutput['Status'] = payload.status ? payload.status : '';\noutput['Priority'] = payload.priority ? payload.priority : '';\noutput['Reception Date'] = payload.reception_date ? new Date(parseInt(payload.reception_date) * 1000) : '';\n//output['Reception Date'] = payload.reception_date ? payload.reception_date : '';\noutput['Cell Name'] = payload.cell_name ? payload.cell_name : '';\noutput['Host Address'] = payload.host_address ? payload.host_address : '';\noutput['Client Address'] = payload.client_address ? payload.client_address : '';\noutput['Host'] = payload.host ? payload.host : '';\noutput['Object'] = payload.object ? payload.object : '';\noutput['Object Class'] = payload.object_class ? payload.object_class : '';\noutput['Parameters'] = payload.parameters ? payload.parameters : '';\noutput['Tool'] = payload.tool ? payload.tool : '';\noutput['Tool Class'] = payload.tool_class ? payload.tool_class : '';\noutput['SMC Causes'] = payload.smc_causes ? payload.smc_causes : '';\noutput['SMC Effects'] = payload.smc_effects ? payload.smc_effects : '';\noutput['Message'] = payload.msg ? payload.msg : '';",
    "endpointLabel": "",
    "allowedEnvironment": "BOTH",
    "accessibleByAll": "NotShared",
    "triggerAuthType": "ALLOW_ALL",
    "stage": "DEPLOYED",
    "scriptStepType": "CUSTOM_HTTP",
    "inputs": [],
    "outputs": [
      {
        "id": "be2a30ff-3dfc-4fbb-b6a2-306268321a13",
        "name": "Recipients",
        "description": "",
        "position": 0
      },
      {
        "id": "e2b0de8b-d021-4164-972f-ff5f86a743d9",
        "name": "ID",
        "description": "",
        "position": 1
      },
      {
        "id": "f19c04f3-8a45-46c6-be30-305c2d537d5f",
        "name": "Severity",
        "description": "",
        "position": 2
      },
      {
        "id": "a43650d5-fa97-4e5a-b756-ec47ea64ff09",
        "name": "Status",
        "description": "",
        "position": 3
      },
      {
        "id": "cfea024e-679b-461d-87b2-5efafb14d3a4",
        "name": "Priority",
        "description": "",
        "position": 4
      },
      {
        "id": "ad94ff92-acb8-41ef-986c-562d14f28459",
        "name": "Reception Date",
        "description": "",
        "position": 5
      },
      {
        "id": "c682b430-f850-47c9-b449-5079e43e8d47",
        "name": "Cell Name",
        "description": "",
        "position": 6
      },
      {
        "id": "a2469c2e-5272-40d8-a68a-2e166596f18b",
        "name": "Host Address",
        "description": "",
        "position": 7
      },
      {
        "id": "befd680e-d2f5-4db0-91bc-6d3fcc835144",
        "name": "Client Address",
        "description": "",
        "position": 8
      },
      {
        "id": "6359ce6e-ff18-4468-8256-87d8806232cc",
        "name": "Host",
        "description": "",
        "position": 9
      },
      {
        "id": "bb8e80c9-883e-4bbc-a96c-bfa97e6e4288",
        "name": "Object",
        "description": "",
        "position": 10
      },
      {
        "id": "ffca2ed7-ae9f-4aa0-b67a-4fbb0812c9ba",
        "name": "Object Class",
        "description": "",
        "position": 11
      },
      {
        "id": "618770f6-7837-45da-83f5-299c49be5cf8",
        "name": "Parameters",
        "description": "",
        "position": 12
      },
      {
        "id": "616f5c75-f4c9-4854-bd29-46ede36dc588",
        "name": "Tool",
        "description": "",
        "position": 13
      },
      {
        "id": "39e41d73-0e8e-4ef1-a442-03fe7aa4cd83",
        "name": "Tool Class",
        "description": "",
        "position": 14
      },
      {
        "id": "cf378958-fdf3-40c9-95cf-8acfbb7ea98c",
        "name": "SMC Causes",
        "description": "",
        "position": 15
      },
      {
        "id": "9aa93298-11b7-4d58-844c-78f57bff8a3a",
        "name": "SMC Effects",
        "description": "",
        "position": 16
      },
      {
        "id": "262cfd91-28fc-4983-b47e-dcf476ccdf22",
        "name": "Message",
        "description": "",
        "position": 17
      }
    ],
    "libraries": []
  }
]